<?xml version="1.0" encoding="UTF-8"?>
<!--
  ~   Licensed to the Apache Software Foundation (ASF) under one or more
  ~   contributor license agreements.  See the NOTICE file distributed with
  ~   this work for additional information regarding copyright ownership.
  ~   The ASF licenses this file to You under the Apache License, Version 2.0
  ~   (the "License"); you may not use this file except in compliance with
  ~   the License.  You may obtain a copy of the License at
  ~
  ~       http://www.apache.org/licenses/LICENSE-2.0
  ~
  ~   Unless required by applicable law or agreed to in writing, software
  ~   distributed under the License is distributed on an "AS IS" BASIS,
  ~   WITHOUT WARRANTIES OR CONDITIONS OF ANY KIND, either express or implied.
  ~   See the License for the specific language governing permissions and
  ~   limitations under the License.
  -->

<beans xmlns:xsi="http://www.w3.org/2001/XMLSchema-instance"
       xmlns:dubbo="http://dubbo.apache.org/schema/dubbo"
       xmlns="http://www.springframework.org/schema/beans"
       xsi:schemaLocation="http://www.springframework.org/schema/beans http://www.springframework.org/schema/beans/spring-beans.xsd
       http://dubbo.apache.org/schema/dubbo http://dubbo.apache.org/schema/dubbo/dubbo.xsd">

    <!-- provider's application name, used for tracing dependency relationship -->
    <!-- <dubbo:application name="mock-demo-provider"/> -->
    <dubbo:application name="loadBalance-demo-provider">
         <dubbo:parameter key="shutdown.timeout" value="60000" />
    </dubbo:application>
    <dubbo:registry address="zookeeper://182.61.47.61:2181"/>

    <!-- use dubbo protocol to export service on port 20880 -->
    <dubbo:protocol name="dubbo" port="20880"/>

    <!-- service implementation, as same as regular local bean -->
    <bean id="demoService" class="org.apache.dubbo.samples.loadBalance.impl.DemoServiceImpl"/>

    <!-- declare the service interface to be exported -->
    <dubbo:service interface="org.apache.dubbo.samples.loadBalance.api.DemoService" ref="demoService"/>

</beans>
